[{"model": "admin.logentry", "pk": 1, "fields": {"action_time": "2022-12-24T11:04:25.612Z", "user": 1, "content_type": 9, "object_id": "1", "object_repr": "Telegram", "action_flag": 1, "change_message": "[{\"added\": {}}]"}}, {"model": "admin.logentry", "pk": 2, "fields": {"action_time": "2022-12-24T11:04:33.082Z", "user": 1, "content_type": 9, "object_id": "2", "object_repr": "GitHub", "action_flag": 1, "change_message": "[{\"added\": {}}]"}}, {"model": "admin.logentry", "pk": 3, "fields": {"action_time": "2022-12-24T11:06:08.141Z", "user": 1, "content_type": 9, "object_id": "3", "object_repr": "Twitter", "action_flag": 1, "change_message": "[{\"added\": {}}]"}}, {"model": "admin.logentry", "pk": 4, "fields": {"action_time": "2022-12-24T11:06:22.576Z", "user": 1, "content_type": 9, "object_id": "4", "object_repr": "YouTube", "action_flag": 1, "change_message": "[{\"added\": {}}]"}}, {"model": "admin.logentry", "pk": 5, "fields": {"action_time": "2022-12-24T11:07:51.232Z", "user": 1, "content_type": 9, "object_id": "5", "object_repr": "Instagram", "action_flag": 1, "change_message": "[{\"added\": {}}]"}}, {"model": "auth.permission", "pk": 1, "fields": {"name": "Can add log entry", "content_type": 1, "codename": "add_logentry"}}, {"model": "auth.permission", "pk": 2, "fields": {"name": "Can change log entry", "content_type": 1, "codename": "change_logentry"}}, {"model": "auth.permission", "pk": 3, "fields": {"name": "Can delete log entry", "content_type": 1, "codename": "delete_logentry"}}, {"model": "auth.permission", "pk": 4, "fields": {"name": "Can view log entry", "content_type": 1, "codename": "view_logentry"}}, {"model": "auth.permission", "pk": 5, "fields": {"name": "Can add permission", "content_type": 2, "codename": "add_permission"}}, {"model": "auth.permission", "pk": 6, "fields": {"name": "Can change permission", "content_type": 2, "codename": "change_permission"}}, {"model": "auth.permission", "pk": 7, "fields": {"name": "Can delete permission", "content_type": 2, "codename": "delete_permission"}}, {"model": "auth.permission", "pk": 8, "fields": {"name": "Can view permission", "content_type": 2, "codename": "view_permission"}}, {"model": "auth.permission", "pk": 9, "fields": {"name": "Can add group", "content_type": 3, "codename": "add_group"}}, {"model": "auth.permission", "pk": 10, "fields": {"name": "Can change group", "content_type": 3, "codename": "change_group"}}, {"model": "auth.permission", "pk": 11, "fields": {"name": "Can delete group", "content_type": 3, "codename": "delete_group"}}, {"model": "auth.permission", "pk": 12, "fields": {"name": "Can view group", "content_type": 3, "codename": "view_group"}}, {"model": "auth.permission", "pk": 13, "fields": {"name": "Can add content type", "content_type": 4, "codename": "add_contenttype"}}, {"model": "auth.permission", "pk": 14, "fields": {"name": "Can change content type", "content_type": 4, "codename": "change_contenttype"}}, {"model": "auth.permission", "pk": 15, "fields": {"name": "Can delete content type", "content_type": 4, "codename": "delete_contenttype"}}, {"model": "auth.permission", "pk": 16, "fields": {"name": "Can view content type", "content_type": 4, "codename": "view_contenttype"}}, {"model": "auth.permission", "pk": 17, "fields": {"name": "Can add session", "content_type": 5, "codename": "add_session"}}, {"model": "auth.permission", "pk": 18, "fields": {"name": "Can change session", "content_type": 5, "codename": "change_session"}}, {"model": "auth.permission", "pk": 19, "fields": {"name": "Can delete session", "content_type": 5, "codename": "delete_session"}}, {"model": "auth.permission", "pk": 20, "fields": {"name": "Can view session", "content_type": 5, "codename": "view_session"}}, {"model": "auth.permission", "pk": 21, "fields": {"name": "Can add kv store", "content_type": 6, "codename": "add_kvstore"}}, {"model": "auth.permission", "pk": 22, "fields": {"name": "Can change kv store", "content_type": 6, "codename": "change_kvstore"}}, {"model": "auth.permission", "pk": 23, "fields": {"name": "Can delete kv store", "content_type": 6, "codename": "delete_kvstore"}}, {"model": "auth.permission", "pk": 24, "fields": {"name": "Can view kv store", "content_type": 6, "codename": "view_kvstore"}}, {"model": "auth.permission", "pk": 25, "fields": {"name": "Can add группа", "content_type": 7, "codename": "add_group"}}, {"model": "auth.permission", "pk": 26, "fields": {"name": "Can change группа", "content_type": 7, "codename": "change_group"}}, {"model": "auth.permission", "pk": 27, "fields": {"name": "Can delete группа", "content_type": 7, "codename": "delete_group"}}, {"model": "auth.permission", "pk": 28, "fields": {"name": "Can view группа", "content_type": 7, "codename": "view_group"}}, {"model": "auth.permission", "pk": 29, "fields": {"name": "Can add group members", "content_type": 8, "codename": "add_groupmembers"}}, {"model": "auth.permission", "pk": 30, "fields": {"name": "Can change group members", "content_type": 8, "codename": "change_groupmembers"}}, {"model": "auth.permission", "pk": 31, "fields": {"name": "Can delete group members", "content_type": 8, "codename": "delete_groupmembers"}}, {"model": "auth.permission", "pk": 32, "fields": {"name": "Can view group members", "content_type": 8, "codename": "view_groupmembers"}}, {"model": "auth.permission", "pk": 33, "fields": {"name": "Can add сервис", "content_type": 9, "codename": "add_service"}}, {"model": "auth.permission", "pk": 34, "fields": {"name": "Can change сервис", "content_type": 9, "codename": "change_service"}}, {"model": "auth.permission", "pk": 35, "fields": {"name": "Can delete сервис", "content_type": 9, "codename": "delete_service"}}, {"model": "auth.permission", "pk": 36, "fields": {"name": "Can view сервис", "content_type": 9, "codename": "view_service"}}, {"model": "auth.permission", "pk": 37, "fields": {"name": "Can add пользователь", "content_type": 10, "codename": "add_user"}}, {"model": "auth.permission", "pk": 38, "fields": {"name": "Can change пользователь", "content_type": 10, "codename": "change_user"}}, {"model": "auth.permission", "pk": 39, "fields": {"name": "Can delete пользователь", "content_type": 10, "codename": "delete_user"}}, {"model": "auth.permission", "pk": 40, "fields": {"name": "Can view пользователь", "content_type": 10, "codename": "view_user"}}, {"model": "auth.permission", "pk": 41, "fields": {"name": "Can add файл", "content_type": 11, "codename": "add_usermedia"}}, {"model": "auth.permission", "pk": 42, "fields": {"name": "Can change файл", "content_type": 11, "codename": "change_usermedia"}}, {"model": "auth.permission", "pk": 43, "fields": {"name": "Can delete файл", "content_type": 11, "codename": "delete_usermedia"}}, {"model": "auth.permission", "pk": 44, "fields": {"name": "Can view файл", "content_type": 11, "codename": "view_usermedia"}}, {"model": "auth.permission", "pk": 45, "fields": {"name": "Can add ссылка", "content_type": 12, "codename": "add_userlinks"}}, {"model": "auth.permission", "pk": 46, "fields": {"name": "Can change ссылка", "content_type": 12, "codename": "change_userlinks"}}, {"model": "auth.permission", "pk": 47, "fields": {"name": "Can delete ссылка", "content_type": 12, "codename": "delete_userlinks"}}, {"model": "auth.permission", "pk": 48, "fields": {"name": "Can view ссылка", "content_type": 12, "codename": "view_userlinks"}}, {"model": "auth.permission", "pk": 49, "fields": {"name": "Can add follows u2u", "content_type": 13, "codename": "add_followsu2u"}}, {"model": "auth.permission", "pk": 50, "fields": {"name": "Can change follows u2u", "content_type": 13, "codename": "change_followsu2u"}}, {"model": "auth.permission", "pk": 51, "fields": {"name": "Can delete follows u2u", "content_type": 13, "codename": "delete_followsu2u"}}, {"model": "auth.permission", "pk": 52, "fields": {"name": "Can view follows u2u", "content_type": 13, "codename": "view_followsu2u"}}, {"model": "auth.permission", "pk": 53, "fields": {"name": "Can add вакансия", "content_type": 14, "codename": "add_groupvacancy"}}, {"model": "auth.permission", "pk": 54, "fields": {"name": "Can change вакансия", "content_type": 14, "codename": "change_groupvacancy"}}, {"model": "auth.permission", "pk": 55, "fields": {"name": "Can delete вакансия", "content_type": 14, "codename": "delete_groupvacancy"}}, {"model": "auth.permission", "pk": 56, "fields": {"name": "Can view вакансия", "content_type": 14, "codename": "view_groupvacancy"}}, {"model": "contenttypes.contenttype", "pk": 1, "fields": {"app_label": "admin", "model": "logentry"}}, {"model": "contenttypes.contenttype", "pk": 2, "fields": {"app_label": "auth", "model": "permission"}}, {"model": "contenttypes.contenttype", "pk": 3, "fields": {"app_label": "auth", "model": "group"}}, {"model": "contenttypes.contenttype", "pk": 4, "fields": {"app_label": "contenttypes", "model": "contenttype"}}, {"model": "contenttypes.contenttype", "pk": 5, "fields": {"app_label": "sessions", "model": "session"}}, {"model": "contenttypes.contenttype", "pk": 6, "fields": {"app_label": "thumbnail", "model": "kvstore"}}, {"model": "contenttypes.contenttype", "pk": 7, "fields": {"app_label": "groups", "model": "group"}}, {"model": "contenttypes.contenttype", "pk": 8, "fields": {"app_label": "groups", "model": "groupmembers"}}, {"model": "contenttypes.contenttype", "pk": 9, "fields": {"app_label": "services", "model": "service"}}, {"model": "contenttypes.contenttype", "pk": 10, "fields": {"app_label": "users", "model": "user"}}, {"model": "contenttypes.contenttype", "pk": 11, "fields": {"app_label": "users", "model": "usermedia"}}, {"model": "contenttypes.contenttype", "pk": 12, "fields": {"app_label": "users", "model": "userlinks"}}, {"model": "contenttypes.contenttype", "pk": 13, "fields": {"app_label": "users", "model": "followsu2u"}}, {"model": "contenttypes.contenttype", "pk": 14, "fields": {"app_label": "vacancies", "model": "groupvacancy"}}, {"model": "thumbnail.kvstore", "pk": "sorl-thumbnail||image||0f5f3c9547b73e4b68ca38cb549be57f", "fields": {"value": "{\"name\": \"cache/fb/69/fb69b8feb6693dc4d26de107e66469cc.jpg\", \"storage\": \"django.core.files.storage.FileSystemStorage\", \"size\": [200, 200]}"}}, {"model": "thumbnail.kvstore", "pk": "sorl-thumbnail||image||124e930540c884c6d9ad28af1e65cc8d", "fields": {"value": "{\"name\": \"cache/19/3c/193cf0f3af4acf2a823c53c8df3408a1.jpg\", \"storage\": \"django.core.files.storage.FileSystemStorage\", \"size\": [50, 50]}"}}, {"model": "thumbnail.kvstore", "pk": "sorl-thumbnail||image||146800b29aaa9170957129a47287eef6", "fields": {"value": "{\"name\": \"cache/9d/d8/9dd8bc767587ed8a89b6f000a9248530.jpg\", \"storage\": \"django.core.files.storage.FileSystemStorage\", \"size\": [200, 200]}"}}, {"model": "thumbnail.kvstore", "pk": "sorl-thumbnail||image||2e0be38b843a802ddafcf423bb544ac0", "fields": {"value": "{\"name\": \"images/los_pollos.jpg\", \"storage\": \"django.core.files.storage.FileSystemStorage\", \"size\": [877, 875]}"}}, {"model": "thumbnail.kvstore", "pk": "sorl-thumbnail||image||44aa54e2943e80acd6f37ab0f0867af5", "fields": {"value": "{\"name\": \"cache/9c/67/9c67db520e9c417f4b89c396fa0b4010.jpg\", \"storage\": \"django.core.files.storage.FileSystemStorage\", \"size\": [50, 50]}"}}, {"model": "thumbnail.kvstore", "pk": "sorl-thumbnail||image||91892dd63a5a39a738e3a3be08e32534", "fields": {"value": "{\"name\": \"images/\\u043b\\u0449\\u0442\\u0449\\u0440\\u0444.jpg\", \"storage\": \"django.core.files.storage.FileSystemStorage\", \"size\": [2048, 1152]}"}}, {"model": "thumbnail.kvstore", "pk": "sorl-thumbnail||image||92ba830f73c876330ec8857ac253e8b7", "fields": {"value": "{\"name\": \"cache/1e/c2/1ec27f4af268e82fd14ffded8cbad7a7.jpg\", \"storage\": \"django.core.files.storage.FileSystemStorage\", \"size\": [200, 200]}"}}, {"model": "thumbnail.kvstore", "pk": "sorl-thumbnail||image||995279f50857b6cde659fd1e69b591a6", "fields": {"value": "{\"name\": \"cache/24/fe/24fe5c5037ba8dca4b0f23f1248fbb8b.jpg\", \"storage\": \"django.core.files.storage.FileSystemStorage\", \"size\": [50, 50]}"}}, {"model": "thumbnail.kvstore", "pk": "sorl-thumbnail||image||a03688fc42d90159fd90503c87d2c9fc", "fields": {"value": "{\"name\": \"cache/cb/10/cb109fddd9b411332341fb123039373b.jpg\", \"storage\": \"django.core.files.storage.FileSystemStorage\", \"size\": [200, 200]}"}}, {"model": "thumbnail.kvstore", "pk": "sorl-thumbnail||image||baa785ba58e082a3d4516e6552c22fc8", "fields": {"value": "{\"name\": \"cache/f3/d1/f3d1ed1232a314a5bb5b8d71a2a1b0dc.jpg\", \"storage\": \"django.core.files.storage.FileSystemStorage\", \"size\": [50, 50]}"}}, {"model": "thumbnail.kvstore", "pk": "sorl-thumbnail||image||bc29e5ec21b63d7bda769316f88c071a", "fields": {"value": "{\"name\": \"images/minato_14aWJ1w.jpg\", \"storage\": \"django.core.files.storage.FileSystemStorage\", \"size\": [1280, 720]}"}}, {"model": "thumbnail.kvstore", "pk": "sorl-thumbnail||image||fc418fb3275bc3bc93c0b3bbd1a268f8", "fields": {"value": "{\"name\": \"images/80729-original-110580-original-bryan_cranston_VmTtfqG.webp\", \"storage\": \"django.core.files.storage.FileSystemStorage\", \"size\": [1200, 1200]}"}}, {"model": "thumbnail.kvstore", "pk": "sorl-thumbnail||thumbnails||2e0be38b843a802ddafcf423bb544ac0", "fields": {"value": "[\"124e930540c884c6d9ad28af1e65cc8d\", \"92ba830f73c876330ec8857ac253e8b7\"]"}}, {"model": "thumbnail.kvstore", "pk": "sorl-thumbnail||thumbnails||91892dd63a5a39a738e3a3be08e32534", "fields": {"value": "[\"baa785ba58e082a3d4516e6552c22fc8\", \"146800b29aaa9170957129a47287eef6\"]"}}, {"model": "thumbnail.kvstore", "pk": "sorl-thumbnail||thumbnails||bc29e5ec21b63d7bda769316f88c071a", "fields": {"value": "[\"44aa54e2943e80acd6f37ab0f0867af5\", \"a03688fc42d90159fd90503c87d2c9fc\"]"}}, {"model": "thumbnail.kvstore", "pk": "sorl-thumbnail||thumbnails||fc418fb3275bc3bc93c0b3bbd1a268f8", "fields": {"value": "[\"0f5f3c9547b73e4b68ca38cb549be57f\", \"995279f50857b6cde659fd1e69b591a6\"]"}}, {"model": "groups.group", "pk": 1, "fields": {"photo": "images/los_pollos.jpg", "name": "Los Pollos Hermanos", "owner": 3, "about": "Вымышленная сеть ресторанов быстрого питания, специализирующаяся на блюдах из курицы, которая фигурировала в телесериале «Во все тяжкие» и его спин-оффе «Лучше звоните Солу»."}}, {"model": "groups.group", "pk": 2, "fields": {"photo": "images/лщтщрф.jpg", "name": "Коноха", "owner": 2, "about": "Коноха (木ノ葉隠れの里, Konohagakure no Sato, буквально означает Деревня, Скрытая В Листах или Скрытая Деревня Листва) - скрытая деревня Шиноби в Стране Огня и одна из пятерых главных скрытых деревень Шиноби. В северной части деревни стоит гора Хокаге."}}, {"model": "groups.group", "pk": 3, "fields": {"photo": "", "name": "Компания", "owner": 7, "about": "Описание компании"}}, {"model": "groups.group", "pk": 4, "fields": {"photo": "", "name": "Группа", "owner": 7, "about": "Описание к группе"}}, {"model": "groups.groupmembers", "pk": 1, "fields": {"user": 4, "group": 2}}, {"model": "groups.groupmembers", "pk": 2, "fields": {"user": 5, "group": 1}}, {"model": "groups.groupmembers", "pk": 3, "fields": {"user": 6, "group": 1}}, {"model": "groups.groupmembers", "pk": 4, "fields": {"user": 6, "group": 2}}, {"model": "groups.groupmembers", "pk": 5, "fields": {"user": 2, "group": 3}}, {"model": "groups.groupmembers", "pk": 6, "fields": {"user": 2, "group": 4}}, {"model": "services.service", "pk": 1, "fields": {"name": "Telegram", "bootstrap_icon": "bi bi-telegram", "is_contact": true}}, {"model": "services.service", "pk": 2, "fields": {"name": "GitHub", "bootstrap_icon": "bi bi-github", "is_contact": false}}, {"model": "services.service", "pk": 3, "fields": {"name": "Twitter", "bootstrap_icon": "bi bi-twitter", "is_contact": true}}, {"model": "services.service", "pk": 4, "fields": {"name": "YouTube", "bootstrap_icon": "bi bi-youtube", "is_contact": false}}, {"model": "services.service", "pk": 5, "fields": {"name": "Instagram", "bootstrap_icon": "bi bi-instagram", "is_contact": true}}, {"model": "users.user", "pk": 1, "fields": {"password": "pbkdf2_sha256$260000$S1ztZZvU9EoyaDIvnWOmI4$xQGucB3g/jqmzVuSfro5Iw4raXAxxV8aesxWgU7/gAA=", "last_login": "2022-12-24T11:07:36.599Z", "photo": "", "first_name": "", "last_name": "", "email": "admin@gmail.com", "is_active": true, "is_staff": true, "is_superuser": true, "is_open_to_work": false, "date_joined": "2022-12-24T10:30:05.307Z", "about": null, "birthday": null, "groups": [], "user_permissions": []}}, {"model": "users.user", "pk": 2, "fields": {"password": "pbkdf2_sha256$260000$kcCGgUY9F58S06x56lhsuU$KZ3AgUCakFVdKx9ba2GaDkAF8RkcuZlOYb/nD1omHYQ=", "last_login": "2022-12-24T11:08:11.292Z", "photo": "images/minato_14aWJ1w.jpg", "first_name": "Минато", "last_name": "Намикадзе", "email": "minato@gmail.com", "is_active": true, "is_staff": false, "is_superuser": false, "is_open_to_work": true, "date_joined": "2022-12-24T10:32:39.547Z", "about": "Несмотря на физическое сходство, в отличие от Наруто, Минато был спокойным, сдержанным и очень проницательным, чем его сын в юные годы. По словам Джирайи, Минато не был человеком, который делает что-либо без причины.[7] Он был хорошо осведомлён о своей репутации, наводящей страх на вражеские деревни и время от времени пользовался этим, но даже тогда он относился с уважением к своим противникам. Он", "birthday": "2000-01-13", "groups": [], "user_permissions": []}}, {"model": "users.user", "pk": 3, "fields": {"password": "pbkdf2_sha256$260000$pFutu9hmdvYdChA1CCkpv2$pfbjTwkqBLreVS0U4MoY4eyVMyzCEUfAuKX7w4/+2rU=", "last_login": "2022-12-24T11:08:48.393Z", "photo": "images/80729-original-110580-original-bryan_cranston_VmTtfqG.webp", "first_name": "Walter", "last_name": "White", "email": "white@gmail.com", "is_active": true, "is_staff": false, "is_superuser": false, "is_open_to_work": false, "date_joined": "2022-12-24T10:44:02.369Z", "about": "“\t Ты с кем сейчас разговариваешь? Кого ты видишь перед собой? Ты знаешь, сколько я зарабатываю в год? Ведь, если я скажу, ты мне даже не поверишь. А ты знаешь, что будет, если я вдруг решу бросить свою работу? Да этот бизнес настолько велик, что мог бы попасть в NASDAQ, а без меня он всплывет кверху брюхом и исчезнет. Без меня он не сможет существовать. Нет, ты точно не знаешь, с кем разговариваешь, так что я подскажу. Мне не грозит опасность, Скайлер. Я и есть опасность. Кто-то откроет дверь и схватит пулю. Думаешь, я такой? Нет. Это я постучу в дверь! „", "birthday": "1959-09-07", "groups": [], "user_permissions": []}}, {"model": "users.user", "pk": 4, "fields": {"password": "pbkdf2_sha256$260000$y2sUJiDZVzRMW7jCbUh4VF$WqC83gcBmp7VXapWqYs9O3e2hhBBT0kq7kafrvINx/k=", "last_login": "2022-12-24T10:54:00.400Z", "photo": "", "first_name": "", "last_name": "", "email": "client@gmail.com", "is_active": true, "is_staff": false, "is_superuser": false, "is_open_to_work": false, "date_joined": "2022-12-24T10:54:00.086Z", "about": null, "birthday": null, "groups": [], "user_permissions": []}}, {"model": "users.user", "pk": 5, "fields": {"password": "pbkdf2_sha256$260000$AHOjs1PLgDhAsGOTJGZYnn$h9ttzIFXtNc/GIFRqBr0zO0jCfK13edKNVbksTKoXZ8=", "last_login": "2022-12-24T10:55:42.926Z", "photo": "", "first_name": "", "last_name": "", "email": "user@gmail.com", "is_active": true, "is_staff": false, "is_superuser": false, "is_open_to_work": false, "date_joined": "2022-12-24T10:55:07.364Z", "about": null, "birthday": null, "groups": [], "user_permissions": []}}, {"model": "users.user", "pk": 6, "fields": {"password": "pbkdf2_sha256$260000$NjJEtfA00Z5nB1KikBVyS1$S1vHDnF2V8WTuj6ReREksuXPLPWvQM1uRkjcb/62zrk=", "last_login": "2022-12-24T10:56:43.503Z", "photo": "", "first_name": "", "last_name": "", "email": "user1@gmail.com", "is_active": true, "is_staff": false, "is_superuser": false, "is_open_to_work": false, "date_joined": "2022-12-24T10:56:43.194Z", "about": null, "birthday": null, "groups": [], "user_permissions": []}}, {"model": "users.user", "pk": 7, "fields": {"password": "pbkdf2_sha256$260000$19TIwzLEuTTO8GoLNZrdHn$bPPbdyck1A45hAns4Hvu9EB0jZsVr3S9q8eVT7HGuNs=", "last_login": "2022-12-24T10:57:26.129Z", "photo": "", "first_name": "", "last_name": "", "email": "user3@gmail.com", "is_active": true, "is_staff": false, "is_superuser": false, "is_open_to_work": false, "date_joined": "2022-12-24T10:57:25.860Z", "about": null, "birthday": null, "groups": [], "user_permissions": []}}, {"model": "users.followsu2u", "pk": 1, "fields": {"from_user": 4, "to_user": 2}}, {"model": "users.followsu2u", "pk": 2, "fields": {"from_user": 4, "to_user": 3}}, {"model": "users.followsu2u", "pk": 3, "fields": {"from_user": 5, "to_user": 2}}, {"model": "users.followsu2u", "pk": 4, "fields": {"from_user": 5, "to_user": 3}}, {"model": "users.followsu2u", "pk": 5, "fields": {"from_user": 6, "to_user": 2}}, {"model": "users.followsu2u", "pk": 6, "fields": {"from_user": 7, "to_user": 2}}, {"model": "users.followsu2u", "pk": 7, "fields": {"from_user": 2, "to_user": 5}}, {"model": "users.followsu2u", "pk": 8, "fields": {"from_user": 2, "to_user": 4}}, {"model": "users.followsu2u", "pk": 9, "fields": {"from_user": 2, "to_user": 6}}, {"model": "users.followsu2u", "pk": 10, "fields": {"from_user": 2, "to_user": 3}}, {"model": "users.followsu2u", "pk": 11, "fields": {"from_user": 3, "to_user": 4}}, {"model": "users.usermedia", "pk": 2, "fields": {"name": "Назначение", "file": "files/Диплом_победителя_II_краеведческий_ErudJQK.jpg", "description": "Договор о назначении на звание 4 хокаге", "user": 2}}, {"model": "users.usermedia", "pk": 3, "fields": {"name": "Диплом", "file": "files/д2.png", "description": "Описание аофыждао", "user": 2}}, {"model": "users.usermedia", "pk": 4, "fields": {"name": "Дипломная работа", "file": "files/д3.jpg", "description": "это награда за то и се", "user": 3}}, {"model": "users.userlinks", "pk": 1, "fields": {"slug": "https://telegram.org/", "user": 2, "service": 1}}, {"model": "users.userlinks", "pk": 2, "fields": {"slug": "https://t.me/s/instagram", "user": 2, "service": 5}}, {"model": "users.userlinks", "pk": 3, "fields": {"slug": "https://www.youtube.com/", "user": 2, "service": 2}}, {"model": "users.userlinks", "pk": 4, "fields": {"slug": "https://www.youtube.com/", "user": 3, "service": 4}}, {"model": "users.userlinks", "pk": 5, "fields": {"slug": "https://telegram.org/", "user": 3, "service": 1}}, {"model": "vacancies.groupvacancy", "pk": 1, "fields": {"vacancy_name": "Повар", "text": "Повар – это специалист, в чьи обязанности входит приготовление пищи для общественного питания. Помимо самого приготовления, он также отвечает за подготовку продуктов к обработке.", "group": 1}}, {"model": "vacancies.groupvacancy", "pk": 2, "fields": {"vacancy_name": "Шиноби", "text": "Шиноби – это ниндзя, которые обладают особыми боевыми навыками. Ниндзя могли стать не только мужчины, но и женщины – их называли куноичи. Большая часть шиноби – это выходцы из скрытых деревень, некоторые из которых были основаны кланами ниндзя.", "group": 2}}, {"model": "vacancies.groupvacancy", "pk": 3, "fields": {"vacancy_name": "Повар", "text": "В забеголовку Ичираку Рамен", "group": 2}}, {"model": "vacancies.groupvacancy", "pk": 4, "fields": {"vacancy_name": "Вакансия 1", "text": "Описание к вакансии", "group": 3}}, {"model": "vacancies.groupvacancy", "pk": 5, "fields": {"vacancy_name": "Вакансии 2", "text": "Описание к вакансии", "group": 3}}, {"model": "vacancies.groupvacancy", "pk": 6, "fields": {"vacancy_name": "Вакансии 3", "text": "Описание к вакансии", "group": 3}}, {"model": "vacancies.groupvacancy", "pk": 7, "fields": {"vacancy_name": "Вакансии 4", "text": "описание к вакансии 4", "group": 4}}, {"model": "vacancies.groupvacancy", "pk": 8, "fields": {"vacancy_name": "Вакансия 5", "text": "Описание к вакансии", "group": 4}}, {"model": "vacancies.groupvacancy", "pk": 9, "fields": {"vacancy_name": "Вакансии 6", "text": "Описание к вакансии", "group": 4}}, {"model": "vacancies.groupvacancy", "pk": 10, "fields": {"vacancy_name": "Вакансия 6", "text": "Описание к вакансии", "group": 4}}]