[{"model": "admin.logentry", "pk": 1, "fields": {"action_time": "2022-12-23T17:40:27.353Z", "user": 1, "content_type": 9, "object_id": "1", "object_repr": "Telegram", "action_flag": 1, "change_message": "[{\"added\": {}}]"}}, {"model": "admin.logentry", "pk": 2, "fields": {"action_time": "2022-12-23T17:40:41.216Z", "user": 1, "content_type": 9, "object_id": "2", "object_repr": "Twitter", "action_flag": 1, "change_message": "[{\"added\": {}}]"}}, {"model": "admin.logentry", "pk": 3, "fields": {"action_time": "2022-12-23T17:40:48.235Z", "user": 1, "content_type": 9, "object_id": "2", "object_repr": "Twitter", "action_flag": 2, "change_message": "[{\"changed\": {\"fields\": [\"\\u041a\\u043e\\u043d\\u0442\\u0430\\u043a\\u0442\"]}}]"}}, {"model": "admin.logentry", "pk": 4, "fields": {"action_time": "2022-12-23T17:41:08.883Z", "user": 1, "content_type": 9, "object_id": "3", "object_repr": "YouTube", "action_flag": 1, "change_message": "[{\"added\": {}}]"}}, {"model": "admin.logentry", "pk": 5, "fields": {"action_time": "2022-12-23T17:41:19.733Z", "user": 1, "content_type": 9, "object_id": "4", "object_repr": "GitHub", "action_flag": 1, "change_message": "[{\"added\": {}}]"}}, {"model": "admin.logentry", "pk": 6, "fields": {"action_time": "2022-12-23T17:41:41.055Z", "user": 1, "content_type": 9, "object_id": "5", "object_repr": "Instagram", "action_flag": 1, "change_message": "[{\"added\": {}}]"}}, {"model": "admin.logentry", "pk": 7, "fields": {"action_time": "2022-12-23T17:42:00.437Z", "user": 1, "content_type": 9, "object_id": "6", "object_repr": "Facebook", "action_flag": 1, "change_message": "[{\"added\": {}}]"}}, {"model": "auth.permission", "pk": 1, "fields": {"name": "Can add log entry", "content_type": 1, "codename": "add_logentry"}}, {"model": "auth.permission", "pk": 2, "fields": {"name": "Can change log entry", "content_type": 1, "codename": "change_logentry"}}, {"model": "auth.permission", "pk": 3, "fields": {"name": "Can delete log entry", "content_type": 1, "codename": "delete_logentry"}}, {"model": "auth.permission", "pk": 4, "fields": {"name": "Can view log entry", "content_type": 1, "codename": "view_logentry"}}, {"model": "auth.permission", "pk": 5, "fields": {"name": "Can add permission", "content_type": 2, "codename": "add_permission"}}, {"model": "auth.permission", "pk": 6, "fields": {"name": "Can change permission", "content_type": 2, "codename": "change_permission"}}, {"model": "auth.permission", "pk": 7, "fields": {"name": "Can delete permission", "content_type": 2, "codename": "delete_permission"}}, {"model": "auth.permission", "pk": 8, "fields": {"name": "Can view permission", "content_type": 2, "codename": "view_permission"}}, {"model": "auth.permission", "pk": 9, "fields": {"name": "Can add group", "content_type": 3, "codename": "add_group"}}, {"model": "auth.permission", "pk": 10, "fields": {"name": "Can change group", "content_type": 3, "codename": "change_group"}}, {"model": "auth.permission", "pk": 11, "fields": {"name": "Can delete group", "content_type": 3, "codename": "delete_group"}}, {"model": "auth.permission", "pk": 12, "fields": {"name": "Can view group", "content_type": 3, "codename": "view_group"}}, {"model": "auth.permission", "pk": 13, "fields": {"name": "Can add content type", "content_type": 4, "codename": "add_contenttype"}}, {"model": "auth.permission", "pk": 14, "fields": {"name": "Can change content type", "content_type": 4, "codename": "change_contenttype"}}, {"model": "auth.permission", "pk": 15, "fields": {"name": "Can delete content type", "content_type": 4, "codename": "delete_contenttype"}}, {"model": "auth.permission", "pk": 16, "fields": {"name": "Can view content type", "content_type": 4, "codename": "view_contenttype"}}, {"model": "auth.permission", "pk": 17, "fields": {"name": "Can add session", "content_type": 5, "codename": "add_session"}}, {"model": "auth.permission", "pk": 18, "fields": {"name": "Can change session", "content_type": 5, "codename": "change_session"}}, {"model": "auth.permission", "pk": 19, "fields": {"name": "Can delete session", "content_type": 5, "codename": "delete_session"}}, {"model": "auth.permission", "pk": 20, "fields": {"name": "Can view session", "content_type": 5, "codename": "view_session"}}, {"model": "auth.permission", "pk": 21, "fields": {"name": "Can add kv store", "content_type": 6, "codename": "add_kvstore"}}, {"model": "auth.permission", "pk": 22, "fields": {"name": "Can change kv store", "content_type": 6, "codename": "change_kvstore"}}, {"model": "auth.permission", "pk": 23, "fields": {"name": "Can delete kv store", "content_type": 6, "codename": "delete_kvstore"}}, {"model": "auth.permission", "pk": 24, "fields": {"name": "Can view kv store", "content_type": 6, "codename": "view_kvstore"}}, {"model": "auth.permission", "pk": 25, "fields": {"name": "Can add группа", "content_type": 7, "codename": "add_group"}}, {"model": "auth.permission", "pk": 26, "fields": {"name": "Can change группа", "content_type": 7, "codename": "change_group"}}, {"model": "auth.permission", "pk": 27, "fields": {"name": "Can delete группа", "content_type": 7, "codename": "delete_group"}}, {"model": "auth.permission", "pk": 28, "fields": {"name": "Can view группа", "content_type": 7, "codename": "view_group"}}, {"model": "auth.permission", "pk": 29, "fields": {"name": "Can add group members", "content_type": 8, "codename": "add_groupmembers"}}, {"model": "auth.permission", "pk": 30, "fields": {"name": "Can change group members", "content_type": 8, "codename": "change_groupmembers"}}, {"model": "auth.permission", "pk": 31, "fields": {"name": "Can delete group members", "content_type": 8, "codename": "delete_groupmembers"}}, {"model": "auth.permission", "pk": 32, "fields": {"name": "Can view group members", "content_type": 8, "codename": "view_groupmembers"}}, {"model": "auth.permission", "pk": 33, "fields": {"name": "Can add сервис", "content_type": 9, "codename": "add_service"}}, {"model": "auth.permission", "pk": 34, "fields": {"name": "Can change сервис", "content_type": 9, "codename": "change_service"}}, {"model": "auth.permission", "pk": 35, "fields": {"name": "Can delete сервис", "content_type": 9, "codename": "delete_service"}}, {"model": "auth.permission", "pk": 36, "fields": {"name": "Can view сервис", "content_type": 9, "codename": "view_service"}}, {"model": "auth.permission", "pk": 37, "fields": {"name": "Can add пользователь", "content_type": 10, "codename": "add_user"}}, {"model": "auth.permission", "pk": 38, "fields": {"name": "Can change пользователь", "content_type": 10, "codename": "change_user"}}, {"model": "auth.permission", "pk": 39, "fields": {"name": "Can delete пользователь", "content_type": 10, "codename": "delete_user"}}, {"model": "auth.permission", "pk": 40, "fields": {"name": "Can view пользователь", "content_type": 10, "codename": "view_user"}}, {"model": "auth.permission", "pk": 41, "fields": {"name": "Can add файл", "content_type": 11, "codename": "add_usermedia"}}, {"model": "auth.permission", "pk": 42, "fields": {"name": "Can change файл", "content_type": 11, "codename": "change_usermedia"}}, {"model": "auth.permission", "pk": 43, "fields": {"name": "Can delete файл", "content_type": 11, "codename": "delete_usermedia"}}, {"model": "auth.permission", "pk": 44, "fields": {"name": "Can view файл", "content_type": 11, "codename": "view_usermedia"}}, {"model": "auth.permission", "pk": 45, "fields": {"name": "Can add ссылка", "content_type": 12, "codename": "add_userlinks"}}, {"model": "auth.permission", "pk": 46, "fields": {"name": "Can change ссылка", "content_type": 12, "codename": "change_userlinks"}}, {"model": "auth.permission", "pk": 47, "fields": {"name": "Can delete ссылка", "content_type": 12, "codename": "delete_userlinks"}}, {"model": "auth.permission", "pk": 48, "fields": {"name": "Can view ссылка", "content_type": 12, "codename": "view_userlinks"}}, {"model": "auth.permission", "pk": 49, "fields": {"name": "Can add follows u2u", "content_type": 13, "codename": "add_followsu2u"}}, {"model": "auth.permission", "pk": 50, "fields": {"name": "Can change follows u2u", "content_type": 13, "codename": "change_followsu2u"}}, {"model": "auth.permission", "pk": 51, "fields": {"name": "Can delete follows u2u", "content_type": 13, "codename": "delete_followsu2u"}}, {"model": "auth.permission", "pk": 52, "fields": {"name": "Can view follows u2u", "content_type": 13, "codename": "view_followsu2u"}}, {"model": "auth.permission", "pk": 53, "fields": {"name": "Can add вакансия", "content_type": 14, "codename": "add_groupvacancy"}}, {"model": "auth.permission", "pk": 54, "fields": {"name": "Can change вакансия", "content_type": 14, "codename": "change_groupvacancy"}}, {"model": "auth.permission", "pk": 55, "fields": {"name": "Can delete вакансия", "content_type": 14, "codename": "delete_groupvacancy"}}, {"model": "auth.permission", "pk": 56, "fields": {"name": "Can view вакансия", "content_type": 14, "codename": "view_groupvacancy"}}, {"model": "contenttypes.contenttype", "pk": 1, "fields": {"app_label": "admin", "model": "logentry"}}, {"model": "contenttypes.contenttype", "pk": 2, "fields": {"app_label": "auth", "model": "permission"}}, {"model": "contenttypes.contenttype", "pk": 3, "fields": {"app_label": "auth", "model": "group"}}, {"model": "contenttypes.contenttype", "pk": 4, "fields": {"app_label": "contenttypes", "model": "contenttype"}}, {"model": "contenttypes.contenttype", "pk": 5, "fields": {"app_label": "sessions", "model": "session"}}, {"model": "contenttypes.contenttype", "pk": 6, "fields": {"app_label": "thumbnail", "model": "kvstore"}}, {"model": "contenttypes.contenttype", "pk": 7, "fields": {"app_label": "groups", "model": "group"}}, {"model": "contenttypes.contenttype", "pk": 8, "fields": {"app_label": "groups", "model": "groupmembers"}}, {"model": "contenttypes.contenttype", "pk": 9, "fields": {"app_label": "services", "model": "service"}}, {"model": "contenttypes.contenttype", "pk": 10, "fields": {"app_label": "users", "model": "user"}}, {"model": "contenttypes.contenttype", "pk": 11, "fields": {"app_label": "users", "model": "usermedia"}}, {"model": "contenttypes.contenttype", "pk": 12, "fields": {"app_label": "users", "model": "userlinks"}}, {"model": "contenttypes.contenttype", "pk": 13, "fields": {"app_label": "users", "model": "followsu2u"}}, {"model": "contenttypes.contenttype", "pk": 14, "fields": {"app_label": "vacancies", "model": "groupvacancy"}}, {"model": "sessions.session", "pk": "gy76edu4w6fima8jghv2oe9nap22flao", "fields": {"session_data": ".eJxVjMEOwiAQRP-FsyGFBlw8evcbyLK7laqBpLQn479Lkx40mdO8N_NWEbc1x63JEmdWF2XU6bdLSE8pO-AHlnvVVMu6zEnvij5o07fK8roe7t9Bxpb7GgwCsXPBW8DxHAxQIgt2GCXx6IM3PdZg1wYGmIDRSUAhZ0OYxKnPF8hKN4s:1p8mMD:7Iny9zllvckRzyOuHCtINRiTOMHmG8k1BNwMFLD_fnE", "expire_date": "2023-01-06T18:01:21.927Z"}}, {"model": "thumbnail.kvstore", "pk": "sorl-thumbnail||image||1128c7688057e9d999224ddf990af6c0", "fields": {"value": "{\"name\": \"cache/59/65/5965f5e716c7f1414431332d56de89e8.jpg\", \"storage\": \"django.core.files.storage.FileSystemStorage\", \"size\": [50, 50]}"}}, {"model": "thumbnail.kvstore", "pk": "sorl-thumbnail||image||40bfd4403c8014a77426bb57114f86e7", "fields": {"value": "{\"name\": \"cache/c3/ac/c3ac82d7bd88560547159e2559dfddb6.jpg\", \"storage\": \"django.core.files.storage.FileSystemStorage\", \"size\": [50, 50]}"}}, {"model": "thumbnail.kvstore", "pk": "sorl-thumbnail||image||81722aa2c8c2ef216d252cca26d5420a", "fields": {"value": "{\"name\": \"cache/2a/6a/2a6a93bd57d7dc9fc9da3d2f5029fce6.jpg\", \"storage\": \"django.core.files.storage.FileSystemStorage\", \"size\": [200, 200]}"}}, {"model": "thumbnail.kvstore", "pk": "sorl-thumbnail||image||848ea19243f95abe2593867e4803211c", "fields": {"value": "{\"name\": \"cache/e7/54/e754e0317b309172a84812e1f54b52df.jpg\", \"storage\": \"django.core.files.storage.FileSystemStorage\", \"size\": [200, 200]}"}}, {"model": "thumbnail.kvstore", "pk": "sorl-thumbnail||image||93113edac61755fc02baffd382fec6b6", "fields": {"value": "{\"name\": \"images/kakashi_theme2.png\", \"storage\": \"django.core.files.storage.FileSystemStorage\", \"size\": [1416, 1021]}"}}, {"model": "thumbnail.kvstore", "pk": "sorl-thumbnail||image||95a31d1a80fd4f0887e9dcbab4cc7167", "fields": {"value": "{\"name\": \"cache/ab/a8/aba8be14bb19f603db1ce4625b438157.jpg\", \"storage\": \"django.core.files.storage.FileSystemStorage\", \"size\": [50, 50]}"}}, {"model": "thumbnail.kvstore", "pk": "sorl-thumbnail||image||98281462837e577ce7f7cdb37b18fb9c", "fields": {"value": "{\"name\": \"cache/27/61/27612eda16ef3b42015dac70d07ee9b6.jpg\", \"storage\": \"django.core.files.storage.FileSystemStorage\", \"size\": [200, 200]}"}}, {"model": "thumbnail.kvstore", "pk": "sorl-thumbnail||image||abbc1c05a7f01fac7bf29ddcbf20baa1", "fields": {"value": "{\"name\": \"images/80729-original-110580-original-bryan_cranston.webp\", \"storage\": \"django.core.files.storage.FileSystemStorage\", \"size\": [1200, 1200]}"}}, {"model": "thumbnail.kvstore", "pk": "sorl-thumbnail||image||adb2a4c67ebc663cb2738e23fbd3013c", "fields": {"value": "{\"name\": \"cache/e7/a8/e7a89089f9789cc6c8ae5f887fef751e.jpg\", \"storage\": \"django.core.files.storage.FileSystemStorage\", \"size\": [50, 50]}"}}, {"model": "thumbnail.kvstore", "pk": "sorl-thumbnail||image||af022cc63f7afeed63d060502b9fe30f", "fields": {"value": "{\"name\": \"images/minato.jpg\", \"storage\": \"django.core.files.storage.FileSystemStorage\", \"size\": [1280, 720]}"}}, {"model": "thumbnail.kvstore", "pk": "sorl-thumbnail||image||c931e5ccf9e7a161cbae3bf86ef7f08a", "fields": {"value": "{\"name\": \"images/ya.jpg\", \"storage\": \"django.core.files.storage.FileSystemStorage\", \"size\": [372, 371]}"}}, {"model": "thumbnail.kvstore", "pk": "sorl-thumbnail||image||d495f2ad57771047becea6026295374e", "fields": {"value": "{\"name\": \"cache/83/61/83617a76982ac7ac83d4b0d4c10c11fd.jpg\", \"storage\": \"django.core.files.storage.FileSystemStorage\", \"size\": [200, 200]}"}}, {"model": "thumbnail.kvstore", "pk": "sorl-thumbnail||thumbnails||93113edac61755fc02baffd382fec6b6", "fields": {"value": "[\"81722aa2c8c2ef216d252cca26d5420a\", \"adb2a4c67ebc663cb2738e23fbd3013c\"]"}}, {"model": "thumbnail.kvstore", "pk": "sorl-thumbnail||thumbnails||abbc1c05a7f01fac7bf29ddcbf20baa1", "fields": {"value": "[\"98281462837e577ce7f7cdb37b18fb9c\", \"1128c7688057e9d999224ddf990af6c0\"]"}}, {"model": "thumbnail.kvstore", "pk": "sorl-thumbnail||thumbnails||af022cc63f7afeed63d060502b9fe30f", "fields": {"value": "[\"95a31d1a80fd4f0887e9dcbab4cc7167\", \"d495f2ad57771047becea6026295374e\"]"}}, {"model": "thumbnail.kvstore", "pk": "sorl-thumbnail||thumbnails||c931e5ccf9e7a161cbae3bf86ef7f08a", "fields": {"value": "[\"40bfd4403c8014a77426bb57114f86e7\", \"848ea19243f95abe2593867e4803211c\"]"}}, {"model": "groups.group", "pk": 1, "fields": {"photo": "images/ya.jpg", "name": "Yandex", "owner": 1, "about": "Транснациональная компания в отрасли информационных технологий, чьё головное юридическое лицо зарегистрировано в Нидерландах, владеющая одноимённой системой поиска в интернете, интернет-порталом и веб-службами в нескольких странах. Наиболее заметное положение занимает на рынках России, Белоруссии и Казахстана."}}, {"model": "groups.group", "pk": 2, "fields": {"photo": "images/kakashi_theme2.png", "name": "Компания 3", "owner": 3, "about": "Описание к компании"}}, {"model": "groups.groupmembers", "pk": 1, "fields": {"user": 2, "group": 1}}, {"model": "groups.groupmembers", "pk": 2, "fields": {"user": 3, "group": 1}}, {"model": "services.service", "pk": 1, "fields": {"name": "Telegram", "bootstrap_icon": "bi bi-telegram", "is_contact": true}}, {"model": "services.service", "pk": 2, "fields": {"name": "Twitter", "bootstrap_icon": "bi bi-twitter", "is_contact": true}}, {"model": "services.service", "pk": 3, "fields": {"name": "YouTube", "bootstrap_icon": "bi bi-youtube", "is_contact": false}}, {"model": "services.service", "pk": 4, "fields": {"name": "GitHub", "bootstrap_icon": "bi bi-github", "is_contact": false}}, {"model": "services.service", "pk": 5, "fields": {"name": "Instagram", "bootstrap_icon": "bi bi-instagram", "is_contact": true}}, {"model": "services.service", "pk": 6, "fields": {"name": "Facebook", "bootstrap_icon": "bi bi-facebook", "is_contact": true}}, {"model": "users.user", "pk": 1, "fields": {"password": "pbkdf2_sha256$260000$RipUWbWhf1sD8zf3ixWtoj$TFAyKWk040KtuOvmuHhwSPjScXne0WFlq0LZei9nSUU=", "last_login": "2022-12-23T18:01:21.832Z", "photo": "images/minato.jpg", "first_name": "Петя", "last_name": "Петров", "email": "admin@gmail.com", "is_active": true, "is_staff": true, "is_superuser": true, "is_open_to_work": true, "date_joined": "2022-12-23T17:29:31.027Z", "about": "Пишу грамотные, продающие и цепляющие коммерческие предложения. Имею двухлетний опыт продаж товаров (B2C, B2B) и туристических путешествий. Создавал маркетинговые стратегии для интернет-магазинов одежды и сноубордистов, для профилей кондитерской и крафтовой пивоварни. Отучился 6 лет в мединституте и знаю, как сделать продукт любой сложности легким и понятным даже для ребенка. Институт так же заставил научиться работать быстро и сдавать объемные проекты в сжатые сроки. Прохожу курсы маркетологов от MarketGid и владею всеми фишками и теорией продаж (не буду спрашивать, что такое «CTR»). Родился и вырос в семье предпринимателей и психологов. Моим первым словом был «бизнес-план», а в 6 лет умел продать ручку и определить «слабости» людей.", "birthday": "2022-12-14", "groups": [], "user_permissions": []}}, {"model": "users.user", "pk": 2, "fields": {"password": "pbkdf2_sha256$260000$L6f8cFaBQ3ecqtaM9LNh9T$IwVErJaJW/sMnXzgC9tc7VFwtXPjBmvPrZF36uSimus=", "last_login": "2022-12-23T17:53:00.400Z", "photo": "images/80729-original-110580-original-bryan_cranston.webp", "first_name": "Гриша", "last_name": "Никита", "email": "client@gmail.com", "is_active": true, "is_staff": false, "is_superuser": false, "is_open_to_work": true, "date_joined": "2022-12-23T17:53:00.120Z", "about": null, "birthday": "2022-12-12", "groups": [], "user_permissions": []}}, {"model": "users.user", "pk": 3, "fields": {"password": "pbkdf2_sha256$260000$GDSbFLKNG6nHnR4Wi9b3OY$h/+mxve0eOMqo7VLn41eFZGMIG/hUo7FCDU1IrofIEI=", "last_login": "2022-12-23T17:56:15.336Z", "photo": "", "first_name": "", "last_name": "", "email": "user@gmail.com", "is_active": true, "is_staff": false, "is_superuser": false, "is_open_to_work": false, "date_joined": "2022-12-23T17:56:15.021Z", "about": null, "birthday": null, "groups": [], "user_permissions": []}}, {"model": "users.followsu2u", "pk": 1, "fields": {"from_user": 2, "to_user": 1}}, {"model": "users.followsu2u", "pk": 2, "fields": {"from_user": 1, "to_user": 2}}, {"model": "users.followsu2u", "pk": 4, "fields": {"from_user": 3, "to_user": 1}}, {"model": "users.followsu2u", "pk": 5, "fields": {"from_user": 1, "to_user": 3}}, {"model": "users.usermedia", "pk": 1, "fields": {"name": "Диплом", "file": "files/Диплом_победителя_II_краеведческий.jpg", "description": "это награда за то и се", "user": 1}}, {"model": "users.usermedia", "pk": 2, "fields": {"name": "alex", "file": "files/Вступительныи_тест_в_Интенсивы_Академии_Яндекса.pdf", "description": "Учусь в школе 109. на яндекс интенсивах фыва авфоа", "user": 1}}, {"model": "users.userlinks", "pk": 1, "fields": {"slug": "https://telegram.org/", "user": 1, "service": 1}}, {"model": "users.userlinks", "pk": 2, "fields": {"slug": "https://github.com/GrishaTS", "user": 1, "service": 4}}, {"model": "users.userlinks", "pk": 3, "fields": {"slug": "https://www.youtube.com/", "user": 1, "service": 3}}, {"model": "users.userlinks", "pk": 4, "fields": {"slug": "https://www.youtube.com/", "user": 2, "service": 3}}, {"model": "users.userlinks", "pk": 5, "fields": {"slug": "https://www.youtube.com/", "user": 2, "service": 1}}, {"model": "vacancies.groupvacancy", "pk": 1, "fields": {"vacancy_name": "Программист", "text": "традиционный", "group": 1}}, {"model": "vacancies.groupvacancy", "pk": 2, "fields": {"vacancy_name": "Вакансии 1", "text": "Текст к посту вакансии 1", "group": 2}}, {"model": "vacancies.groupvacancy", "pk": 3, "fields": {"vacancy_name": "Вакансии 2", "text": "Текст к посту вакансии 2", "group": 2}}, {"model": "vacancies.groupvacancy", "pk": 4, "fields": {"vacancy_name": "Вакансии 3", "text": "Текст к посту вакансии 3", "group": 2}}, {"model": "vacancies.groupvacancy", "pk": 5, "fields": {"vacancy_name": "Вакансии 4", "text": "Текст к посту вакансии 4", "group": 2}}]